sample_name	library_name	fq1	fq2	sra
Tegucigalpa	CW0008	/xdisk/rpalaniv/cedar/kmers-gwas/genomes/varitome/fastq/SRX4183116_SRR7279675_1.fastq.gz	/xdisk/rpalaniv/cedar/kmers-gwas/genomes/varitome/fastq/SRX4183116_SRR7279675_2.fastq.gz	SRR7279675
BGV008224	CW0010	/xdisk/rpalaniv/cedar/kmers-gwas/genomes/varitome/fastq/SRX4183244_SRR7279547_1.fastq.gz	/xdisk/rpalaniv/cedar/kmers-gwas/genomes/varitome/fastq/SRX4183244_SRR7279547_2.fastq.gz	SRR7279547
BGV008070	CW0011	/xdisk/rpalaniv/cedar/kmers-gwas/genomes/varitome/fastq/SRX4183162_SRR7279629_1.fastq.gz	/xdisk/rpalaniv/cedar/kmers-gwas/genomes/varitome/fastq/SRX4183162_SRR7279629_2.fastq.gz	SRR7279629
BGV007902	CW0012	/xdisk/rpalaniv/cedar/kmers-gwas/genomes/varitome/fastq/SRX4183065_SRR7279726_1.fastq.gz	/xdisk/rpalaniv/cedar/kmers-gwas/genomes/varitome/fastq/SRX4183065_SRR7279726_2.fastq.gz	SRR7279726
BGV007931	CW0014	/xdisk/rpalaniv/cedar/kmers-gwas/genomes/varitome/fastq/SRX4183241_SRR7279550_1.fastq.gz	/xdisk/rpalaniv/cedar/kmers-gwas/genomes/varitome/fastq/SRX4183241_SRR7279550_2.fastq.gz	SRR7279550
LA1712	CW0016	/xdisk/rpalaniv/cedar/kmers-gwas/genomes/varitome/fastq/SRX4183274_SRR7279517_1.fastq.gz	/xdisk/rpalaniv/cedar/kmers-gwas/genomes/varitome/fastq/SRX4183274_SRR7279517_2.fastq.gz	SRR7279517
BGV014522	CW0018	/xdisk/rpalaniv/cedar/kmers-gwas/genomes/varitome/fastq/SRX4183272_SRR7279519_1.fastq.gz	/xdisk/rpalaniv/cedar/kmers-gwas/genomes/varitome/fastq/SRX4183272_SRR7279519_2.fastq.gz	SRR7279519
BGV006230	CW0019	/xdisk/rpalaniv/cedar/kmers-gwas/genomes/varitome/fastq/SRX4183280_SRR7279511_1.fastq.gz	/xdisk/rpalaniv/cedar/kmers-gwas/genomes/varitome/fastq/SRX4183280_SRR7279511_2.fastq.gz	SRR7279511
BGV006906	CW0020	/xdisk/rpalaniv/cedar/kmers-gwas/genomes/varitome/fastq/SRX4183224_SRR7279567_1.fastq.gz	/xdisk/rpalaniv/cedar/kmers-gwas/genomes/varitome/fastq/SRX4183224_SRR7279567_2.fastq.gz	SRR7279567
BGV007934	CW0021	/xdisk/rpalaniv/cedar/kmers-gwas/genomes/varitome/fastq/SRX4183219_SRR7279572_1.fastq.gz	/xdisk/rpalaniv/cedar/kmers-gwas/genomes/varitome/fastq/SRX4183219_SRR7279572_2.fastq.gz	SRR7279572
BGV012625	CW0022	/xdisk/rpalaniv/cedar/kmers-gwas/genomes/varitome/fastq/SRX4183161_SRR7279630_1.fastq.gz	/xdisk/rpalaniv/cedar/kmers-gwas/genomes/varitome/fastq/SRX4183161_SRR7279630_2.fastq.gz	SRR7279630
BGV006234	CW0023	/xdisk/rpalaniv/cedar/kmers-gwas/genomes/varitome/fastq/SRX4183305_SRR7279486_1.fastq.gz	/xdisk/rpalaniv/cedar/kmers-gwas/genomes/varitome/fastq/SRX4183305_SRR7279486_2.fastq.gz	SRR7279486
BGV007894	CW0024	/xdisk/rpalaniv/cedar/kmers-gwas/genomes/varitome/fastq/SRX4183100_SRR7279691_1.fastq.gz	/xdisk/rpalaniv/cedar/kmers-gwas/genomes/varitome/fastq/SRX4183100_SRR7279691_2.fastq.gz	SRR7279691
BGV007936	CW0027	/xdisk/rpalaniv/cedar/kmers-gwas/genomes/varitome/fastq/SRX4183200_SRR7279591_1.fastq.gz	/xdisk/rpalaniv/cedar/kmers-gwas/genomes/varitome/fastq/SRX4183200_SRR7279591_2.fastq.gz	SRR7279591
BGV008065	CW0028	/xdisk/rpalaniv/cedar/kmers-gwas/genomes/varitome/fastq/SRX4183075_SRR7279716_1.fastq.gz	/xdisk/rpalaniv/cedar/kmers-gwas/genomes/varitome/fastq/SRX4183075_SRR7279716_2.fastq.gz	SRR7279716
BGV008218	CW0029	/xdisk/rpalaniv/cedar/kmers-gwas/genomes/varitome/fastq/SRX4183258_SRR7279533_1.fastq.gz	/xdisk/rpalaniv/cedar/kmers-gwas/genomes/varitome/fastq/SRX4183258_SRR7279533_2.fastq.gz	SRR7279533
BGV008223	CW0034	/xdisk/rpalaniv/cedar/kmers-gwas/genomes/varitome/fastq/SRX4183217_SRR7279574_1.fastq.gz	/xdisk/rpalaniv/cedar/kmers-gwas/genomes/varitome/fastq/SRX4183217_SRR7279574_2.fastq.gz	SRR7279574
BGV008061	CW0038	/xdisk/rpalaniv/cedar/kmers-gwas/genomes/varitome/fastq/SRX4183171_SRR7279620_1.fastq.gz	/xdisk/rpalaniv/cedar/kmers-gwas/genomes/varitome/fastq/SRX4183171_SRR7279620_2.fastq.gz	SRR7279620
BGV012639	CW0039	/xdisk/rpalaniv/cedar/kmers-gwas/genomes/varitome/fastq/SRX4183236_SRR7279555_1.fastq.gz	/xdisk/rpalaniv/cedar/kmers-gwas/genomes/varitome/fastq/SRX4183236_SRR7279555_2.fastq.gz	SRR7279555
BGV013161	CW0040	/xdisk/rpalaniv/cedar/kmers-gwas/genomes/varitome/fastq/SRX4183242_SRR7279549_1.fastq.gz	/xdisk/rpalaniv/cedar/kmers-gwas/genomes/varitome/fastq/SRX4183242_SRR7279549_2.fastq.gz	SRR7279549
BGV007920	CW0042	/xdisk/rpalaniv/cedar/kmers-gwas/genomes/varitome/fastq/SRX4183187_SRR7279604_1.fastq.gz	/xdisk/rpalaniv/cedar/kmers-gwas/genomes/varitome/fastq/SRX4183187_SRR7279604_2.fastq.gz	SRR7279604
BGV007989	CW0043	/xdisk/rpalaniv/cedar/kmers-gwas/genomes/varitome/fastq/SRX4183173_SRR7279618_1.fastq.gz	/xdisk/rpalaniv/cedar/kmers-gwas/genomes/varitome/fastq/SRX4183173_SRR7279618_2.fastq.gz	SRR7279618
BGV006881	CW0045	/xdisk/rpalaniv/cedar/kmers-gwas/genomes/varitome/fastq/SRX4183194_SRR7279597_1.fastq.gz	/xdisk/rpalaniv/cedar/kmers-gwas/genomes/varitome/fastq/SRX4183194_SRR7279597_2.fastq.gz	SRR7279597
BGV008100	CW0047	/xdisk/rpalaniv/cedar/kmers-gwas/genomes/varitome/fastq/SRX4183201_SRR7279590_1.fastq.gz	/xdisk/rpalaniv/cedar/kmers-gwas/genomes/varitome/fastq/SRX4183201_SRR7279590_2.fastq.gz	SRR7279590
BGV006231	CW0048	/xdisk/rpalaniv/cedar/kmers-gwas/genomes/varitome/fastq/SRX4183281_SRR7279510_1.fastq.gz	/xdisk/rpalaniv/cedar/kmers-gwas/genomes/varitome/fastq/SRX4183281_SRR7279510_2.fastq.gz	SRR7279510
BGV007863	CW0049	/xdisk/rpalaniv/cedar/kmers-gwas/genomes/varitome/fastq/SRX4183113_SRR7279678_1.fastq.gz	/xdisk/rpalaniv/cedar/kmers-gwas/genomes/varitome/fastq/SRX4183113_SRR7279678_2.fastq.gz	SRR7279678
BGV014519	CW0051	/xdisk/rpalaniv/cedar/kmers-gwas/genomes/varitome/fastq/SRX4183295_SRR7279496_1.fastq.gz	/xdisk/rpalaniv/cedar/kmers-gwas/genomes/varitome/fastq/SRX4183295_SRR7279496_2.fastq.gz	SRR7279496
BGV007992	CW0052	/xdisk/rpalaniv/cedar/kmers-gwas/genomes/varitome/fastq/SRX4183230_SRR7279561_1.fastq.gz	/xdisk/rpalaniv/cedar/kmers-gwas/genomes/varitome/fastq/SRX4183230_SRR7279561_2.fastq.gz	SRR7279561
BGV006806	CW0053	/xdisk/rpalaniv/cedar/kmers-gwas/genomes/varitome/fastq/SRX4183086_SRR7279705_1.fastq.gz	/xdisk/rpalaniv/cedar/kmers-gwas/genomes/varitome/fastq/SRX4183086_SRR7279705_2.fastq.gz	SRR7279705
BGV008051	CW0054	/xdisk/rpalaniv/cedar/kmers-gwas/genomes/varitome/fastq/SRX4183169_SRR7279622_1.fastq.gz	/xdisk/rpalaniv/cedar/kmers-gwas/genomes/varitome/fastq/SRX4183169_SRR7279622_2.fastq.gz	SRR7279622
BGV008041	CW0055	/xdisk/rpalaniv/cedar/kmers-gwas/genomes/varitome/fastq/SRX4183170_SRR7279621_1.fastq.gz	/xdisk/rpalaniv/cedar/kmers-gwas/genomes/varitome/fastq/SRX4183170_SRR7279621_2.fastq.gz	SRR7279621
BGV007864	CW0056	/xdisk/rpalaniv/cedar/kmers-gwas/genomes/varitome/fastq/SRX4183136_SRR7279655_1.fastq.gz	/xdisk/rpalaniv/cedar/kmers-gwas/genomes/varitome/fastq/SRX4183136_SRR7279655_2.fastq.gz	SRR7279655
BGV008348	CW0058	/xdisk/rpalaniv/cedar/kmers-gwas/genomes/varitome/fastq/SRX4183158_SRR7279633_1.fastq.gz	/xdisk/rpalaniv/cedar/kmers-gwas/genomes/varitome/fastq/SRX4183158_SRR7279633_2.fastq.gz	SRR7279633
BGV015734	CW0059	/xdisk/rpalaniv/cedar/kmers-gwas/genomes/varitome/fastq/SRX4183267_SRR7279524_1.fastq.gz	/xdisk/rpalaniv/cedar/kmers-gwas/genomes/varitome/fastq/SRX4183267_SRR7279524_2.fastq.gz	SRR7279524
BGV006777	CW0060	/xdisk/rpalaniv/cedar/kmers-gwas/genomes/varitome/fastq/SRX4183197_SRR7279594_1.fastq.gz	/xdisk/rpalaniv/cedar/kmers-gwas/genomes/varitome/fastq/SRX4183197_SRR7279594_2.fastq.gz	SRR7279594
BGV012615	CW0061	/xdisk/rpalaniv/cedar/kmers-gwas/genomes/varitome/fastq/SRX4183239_SRR7279552_1.fastq.gz	/xdisk/rpalaniv/cedar/kmers-gwas/genomes/varitome/fastq/SRX4183239_SRR7279552_2.fastq.gz	SRR7279552
BGV012626	CW0062	/xdisk/rpalaniv/cedar/kmers-gwas/genomes/varitome/fastq/SRX4183240_SRR7279551_1.fastq.gz	/xdisk/rpalaniv/cedar/kmers-gwas/genomes/varitome/fastq/SRX4183240_SRR7279551_2.fastq.gz	SRR7279551
LA2309	CW0063	/xdisk/rpalaniv/cedar/kmers-gwas/genomes/varitome/fastq/SRX4183128_SRR7279663_1.fastq.gz	/xdisk/rpalaniv/cedar/kmers-gwas/genomes/varitome/fastq/SRX4183128_SRR7279663_2.fastq.gz	SRR7279663
BGV006792	CW0064	/xdisk/rpalaniv/cedar/kmers-gwas/genomes/varitome/fastq/SRX4183085_SRR7279706_1.fastq.gz	/xdisk/rpalaniv/cedar/kmers-gwas/genomes/varitome/fastq/SRX4183085_SRR7279706_2.fastq.gz	SRR7279706
BGV007895	CW0065	/xdisk/rpalaniv/cedar/kmers-gwas/genomes/varitome/fastq/SRX4183101_SRR7279690_1.fastq.gz	/xdisk/rpalaniv/cedar/kmers-gwas/genomes/varitome/fastq/SRX4183101_SRR7279690_2.fastq.gz	SRR7279690
BGV006859	CW0069	/xdisk/rpalaniv/cedar/kmers-gwas/genomes/varitome/fastq/SRX4183223_SRR7279568_1.fastq.gz	/xdisk/rpalaniv/cedar/kmers-gwas/genomes/varitome/fastq/SRX4183223_SRR7279568_2.fastq.gz	SRR7279568
BGV012627	CW0071	/xdisk/rpalaniv/cedar/kmers-gwas/genomes/varitome/fastq/SRX4183181_SRR7279610_1.fastq.gz	/xdisk/rpalaniv/cedar/kmers-gwas/genomes/varitome/fastq/SRX4183181_SRR7279610_2.fastq.gz	SRR7279610
BGV008095	CW0073	/xdisk/rpalaniv/cedar/kmers-gwas/genomes/varitome/fastq/SRX4183249_SRR7279542_1.fastq.gz	/xdisk/rpalaniv/cedar/kmers-gwas/genomes/varitome/fastq/SRX4183249_SRR7279542_2.fastq.gz	SRR7279542
BGV006753	CW0074	/xdisk/rpalaniv/cedar/kmers-gwas/genomes/varitome/fastq/SRX4183278_SRR7279513_1.fastq.gz	/xdisk/rpalaniv/cedar/kmers-gwas/genomes/varitome/fastq/SRX4183278_SRR7279513_2.fastq.gz	SRR7279513
BGV006229	CW0075	/xdisk/rpalaniv/cedar/kmers-gwas/genomes/varitome/fastq/SRX4183302_SRR7279489_1.fastq.gz	/xdisk/rpalaniv/cedar/kmers-gwas/genomes/varitome/fastq/SRX4183302_SRR7279489_2.fastq.gz	SRR7279489
BGV006899	CW0076	/xdisk/rpalaniv/cedar/kmers-gwas/genomes/varitome/fastq/SRX4183149_SRR7279642_1.fastq.gz	/xdisk/rpalaniv/cedar/kmers-gwas/genomes/varitome/fastq/SRX4183149_SRR7279642_2.fastq.gz	SRR7279642
BGV007857	CW0077	/xdisk/rpalaniv/cedar/kmers-gwas/genomes/varitome/fastq/SRX4183131_SRR7279660_1.fastq.gz	/xdisk/rpalaniv/cedar/kmers-gwas/genomes/varitome/fastq/SRX4183131_SRR7279660_2.fastq.gz	SRR7279660
BGV007878	CW0079	/xdisk/rpalaniv/cedar/kmers-gwas/genomes/varitome/fastq/SRX4183069_SRR7279722_1.fastq.gz	/xdisk/rpalaniv/cedar/kmers-gwas/genomes/varitome/fastq/SRX4183069_SRR7279722_2.fastq.gz	SRR7279722
BGV014515	CW0080	/xdisk/rpalaniv/cedar/kmers-gwas/genomes/varitome/fastq/SRX4183222_SRR7279569_1.fastq.gz	/xdisk/rpalaniv/cedar/kmers-gwas/genomes/varitome/fastq/SRX4183222_SRR7279569_2.fastq.gz	SRR7279569
BGV007910	CW0081	/xdisk/rpalaniv/cedar/kmers-gwas/genomes/varitome/fastq/SRX4183253_SRR7279538_1.fastq.gz	/xdisk/rpalaniv/cedar/kmers-gwas/genomes/varitome/fastq/SRX4183253_SRR7279538_2.fastq.gz	SRR7279538
BGV006825	CW0082	/xdisk/rpalaniv/cedar/kmers-gwas/genomes/varitome/fastq/SRX4183206_SRR7279585_1.fastq.gz	/xdisk/rpalaniv/cedar/kmers-gwas/genomes/varitome/fastq/SRX4183206_SRR7279585_2.fastq.gz	SRR7279585
BGV006175	CW0083	/xdisk/rpalaniv/cedar/kmers-gwas/genomes/varitome/fastq/SRX4183282_SRR7279509_1.fastq.gz	/xdisk/rpalaniv/cedar/kmers-gwas/genomes/varitome/fastq/SRX4183282_SRR7279509_2.fastq.gz	SRR7279509
BGV006904	CW0084	/xdisk/rpalaniv/cedar/kmers-gwas/genomes/varitome/fastq/SRX4183309_SRR7279482_1.fastq.gz	/xdisk/rpalaniv/cedar/kmers-gwas/genomes/varitome/fastq/SRX4183309_SRR7279482_2.fastq.gz	SRR7279482
BGV007860	CW0085	/xdisk/rpalaniv/cedar/kmers-gwas/genomes/varitome/fastq/SRX4183138_SRR7279653_1.fastq.gz	/xdisk/rpalaniv/cedar/kmers-gwas/genomes/varitome/fastq/SRX4183138_SRR7279653_2.fastq.gz	SRR7279653
BGV006901	CW0086	/xdisk/rpalaniv/cedar/kmers-gwas/genomes/varitome/fastq/SRX4183146_SRR7279645_1.fastq.gz	/xdisk/rpalaniv/cedar/kmers-gwas/genomes/varitome/fastq/SRX4183146_SRR7279645_2.fastq.gz	SRR7279645
BGV008077	CW0087	/xdisk/rpalaniv/cedar/kmers-gwas/genomes/varitome/fastq/SRX4183164_SRR7279627_1.fastq.gz	/xdisk/rpalaniv/cedar/kmers-gwas/genomes/varitome/fastq/SRX4183164_SRR7279627_2.fastq.gz	SRR7279627
BGV006896	CW0088	/xdisk/rpalaniv/cedar/kmers-gwas/genomes/varitome/fastq/SRX4183130_SRR7279661_1.fastq.gz	/xdisk/rpalaniv/cedar/kmers-gwas/genomes/varitome/fastq/SRX4183130_SRR7279661_2.fastq.gz	SRR7279661
BGV008098	CW0089	/xdisk/rpalaniv/cedar/kmers-gwas/genomes/varitome/fastq/SRX4183193_SRR7279598_1.fastq.gz	/xdisk/rpalaniv/cedar/kmers-gwas/genomes/varitome/fastq/SRX4183193_SRR7279598_2.fastq.gz	SRR7279598
BGV007865	CW0090	/xdisk/rpalaniv/cedar/kmers-gwas/genomes/varitome/fastq/SRX4183066_SRR7279725_1.fastq.gz	/xdisk/rpalaniv/cedar/kmers-gwas/genomes/varitome/fastq/SRX4183066_SRR7279725_2.fastq.gz	SRR7279725
BGV014508	CW0091	/xdisk/rpalaniv/cedar/kmers-gwas/genomes/varitome/fastq/SRX4183078_SRR7279713_1.fastq.gz	/xdisk/rpalaniv/cedar/kmers-gwas/genomes/varitome/fastq/SRX4183078_SRR7279713_2.fastq.gz	SRR7279713
BGV008225	CW0093	/xdisk/rpalaniv/cedar/kmers-gwas/genomes/varitome/fastq/SRX4183184_SRR7279607_1.fastq.gz	/xdisk/rpalaniv/cedar/kmers-gwas/genomes/varitome/fastq/SRX4183184_SRR7279607_2.fastq.gz	SRR7279607
BGV007909	CW0094	/xdisk/rpalaniv/cedar/kmers-gwas/genomes/varitome/fastq/SRX4183185_SRR7279606_1.fastq.gz	/xdisk/rpalaniv/cedar/kmers-gwas/genomes/varitome/fastq/SRX4183185_SRR7279606_2.fastq.gz	SRR7279606
BGV007875	CW0095	/xdisk/rpalaniv/cedar/kmers-gwas/genomes/varitome/fastq/SRX4183067_SRR7279724_1.fastq.gz	/xdisk/rpalaniv/cedar/kmers-gwas/genomes/varitome/fastq/SRX4183067_SRR7279724_2.fastq.gz	SRR7279724
PI129088	CW0096	/xdisk/rpalaniv/cedar/kmers-gwas/genomes/varitome/fastq/SRX4183292_SRR7279499_1.fastq.gz	/xdisk/rpalaniv/cedar/kmers-gwas/genomes/varitome/fastq/SRX4183292_SRR7279499_2.fastq.gz	SRR7279499
BGV013175	CW0097	/xdisk/rpalaniv/cedar/kmers-gwas/genomes/varitome/fastq/SRX4183188_SRR7279603_1.fastq.gz	/xdisk/rpalaniv/cedar/kmers-gwas/genomes/varitome/fastq/SRX4183188_SRR7279603_2.fastq.gz	SRR7279603
BGV006767	CW0098	/xdisk/rpalaniv/cedar/kmers-gwas/genomes/varitome/fastq/SRX4183279_SRR7279512_1.fastq.gz	/xdisk/rpalaniv/cedar/kmers-gwas/genomes/varitome/fastq/SRX4183279_SRR7279512_2.fastq.gz	SRR7279512
BGV012613	CW0099	/xdisk/rpalaniv/cedar/kmers-gwas/genomes/varitome/fastq/SRX4183245_SRR7279546_1.fastq.gz	/xdisk/rpalaniv/cedar/kmers-gwas/genomes/varitome/fastq/SRX4183245_SRR7279546_2.fastq.gz	SRR7279546
BGV007900	CW0101	/xdisk/rpalaniv/cedar/kmers-gwas/genomes/varitome/fastq/SRX4183120_SRR7279671_1.fastq.gz	/xdisk/rpalaniv/cedar/kmers-gwas/genomes/varitome/fastq/SRX4183120_SRR7279671_2.fastq.gz	SRR7279671
BGV007899	CW0102	/xdisk/rpalaniv/cedar/kmers-gwas/genomes/varitome/fastq/SRX4183110_SRR7279681_1.fastq.gz	/xdisk/rpalaniv/cedar/kmers-gwas/genomes/varitome/fastq/SRX4183110_SRR7279681_2.fastq.gz	SRR7279681
PI487625	CW0103	/xdisk/rpalaniv/cedar/kmers-gwas/genomes/varitome/fastq/SRX4183133_SRR7279658_1.fastq.gz	/xdisk/rpalaniv/cedar/kmers-gwas/genomes/varitome/fastq/SRX4183133_SRR7279658_2.fastq.gz	SRR7279658
BGV006232	CW0104	/xdisk/rpalaniv/cedar/kmers-gwas/genomes/varitome/fastq/SRX4183306_SRR7279485_1.fastq.gz	/xdisk/rpalaniv/cedar/kmers-gwas/genomes/varitome/fastq/SRX4183306_SRR7279485_2.fastq.gz	SRR7279485
BGV007981	CW0106	/xdisk/rpalaniv/cedar/kmers-gwas/genomes/varitome/fastq/SRX4183198_SRR7279593_1.fastq.gz	/xdisk/rpalaniv/cedar/kmers-gwas/genomes/varitome/fastq/SRX4183198_SRR7279593_2.fastq.gz	SRR7279593
BGV007921	CW0107	/xdisk/rpalaniv/cedar/kmers-gwas/genomes/varitome/fastq/SRX4183212_SRR7279579_1.fastq.gz	/xdisk/rpalaniv/cedar/kmers-gwas/genomes/varitome/fastq/SRX4183212_SRR7279579_2.fastq.gz	SRR7279579
BGV006852	CW0108	/xdisk/rpalaniv/cedar/kmers-gwas/genomes/varitome/fastq/SRX4183180_SRR7279611_1.fastq.gz	/xdisk/rpalaniv/cedar/kmers-gwas/genomes/varitome/fastq/SRX4183180_SRR7279611_2.fastq.gz	SRR7279611
BGV015726	CW0109	/xdisk/rpalaniv/cedar/kmers-gwas/genomes/varitome/fastq/SRX4183293_SRR7279498_1.fastq.gz	/xdisk/rpalaniv/cedar/kmers-gwas/genomes/varitome/fastq/SRX4183293_SRR7279498_2.fastq.gz	SRR7279498
BGV006768	CW0111	/xdisk/rpalaniv/cedar/kmers-gwas/genomes/varitome/fastq/SRX4183139_SRR7279652_1.fastq.gz	/xdisk/rpalaniv/cedar/kmers-gwas/genomes/varitome/fastq/SRX4183139_SRR7279652_2.fastq.gz	SRR7279652
BGV007876	CW0112	/xdisk/rpalaniv/cedar/kmers-gwas/genomes/varitome/fastq/SRX4183154_SRR7279637_1.fastq.gz	/xdisk/rpalaniv/cedar/kmers-gwas/genomes/varitome/fastq/SRX4183154_SRR7279637_2.fastq.gz	SRR7279637
BGV007918	CW0113	/xdisk/rpalaniv/cedar/kmers-gwas/genomes/varitome/fastq/SRX4183252_SRR7279539_1.fastq.gz	/xdisk/rpalaniv/cedar/kmers-gwas/genomes/varitome/fastq/SRX4183252_SRR7279539_2.fastq.gz	SRR7279539
BGV007862	CW0115	/xdisk/rpalaniv/cedar/kmers-gwas/genomes/varitome/fastq/SRX4183092_SRR7279699_1.fastq.gz	/xdisk/rpalaniv/cedar/kmers-gwas/genomes/varitome/fastq/SRX4183092_SRR7279699_2.fastq.gz	SRR7279699
BGV006225	CW0117	/xdisk/rpalaniv/cedar/kmers-gwas/genomes/varitome/fastq/SRX4183283_SRR7279508_1.fastq.gz	/xdisk/rpalaniv/cedar/kmers-gwas/genomes/varitome/fastq/SRX4183283_SRR7279508_2.fastq.gz	SRR7279508
BGV008096	CW0118	/xdisk/rpalaniv/cedar/kmers-gwas/genomes/varitome/fastq/SRX4183298_SRR7279493_1.fastq.gz	/xdisk/rpalaniv/cedar/kmers-gwas/genomes/varitome/fastq/SRX4183298_SRR7279493_2.fastq.gz	SRR7279493
BGV008037	CW0119	/xdisk/rpalaniv/cedar/kmers-gwas/genomes/varitome/fastq/SRX4183261_SRR7279530_1.fastq.gz	/xdisk/rpalaniv/cedar/kmers-gwas/genomes/varitome/fastq/SRX4183261_SRR7279530_2.fastq.gz	SRR7279530
BGV006931	CW0120	/xdisk/rpalaniv/cedar/kmers-gwas/genomes/varitome/fastq/SRX4183140_SRR7279651_1.fastq.gz	/xdisk/rpalaniv/cedar/kmers-gwas/genomes/varitome/fastq/SRX4183140_SRR7279651_2.fastq.gz	SRR7279651
BGV007872	CW0121	/xdisk/rpalaniv/cedar/kmers-gwas/genomes/varitome/fastq/SRX4183210_SRR7279581_1.fastq.gz	/xdisk/rpalaniv/cedar/kmers-gwas/genomes/varitome/fastq/SRX4183210_SRR7279581_2.fastq.gz	SRR7279581
BGV007854	CW0122	/xdisk/rpalaniv/cedar/kmers-gwas/genomes/varitome/fastq/SRX4183137_SRR7279654_1.fastq.gz	/xdisk/rpalaniv/cedar/kmers-gwas/genomes/varitome/fastq/SRX4183137_SRR7279654_2.fastq.gz	SRR7279654
BGV005912	CW0123	/xdisk/rpalaniv/cedar/kmers-gwas/genomes/varitome/fastq/SRX4183310_SRR7279481_1.fastq.gz	/xdisk/rpalaniv/cedar/kmers-gwas/genomes/varitome/fastq/SRX4183310_SRR7279481_2.fastq.gz	SRR7279481
BGV006907	CW0124	/xdisk/rpalaniv/cedar/kmers-gwas/genomes/varitome/fastq/SRX4183166_SRR7279625_1.fastq.gz	/xdisk/rpalaniv/cedar/kmers-gwas/genomes/varitome/fastq/SRX4183166_SRR7279625_2.fastq.gz	SRR7279625
BGV007935	CW0125	/xdisk/rpalaniv/cedar/kmers-gwas/genomes/varitome/fastq/SRX4183213_SRR7279578_1.fastq.gz	/xdisk/rpalaniv/cedar/kmers-gwas/genomes/varitome/fastq/SRX4183213_SRR7279578_2.fastq.gz	SRR7279578
BGV008042	CW0126	/xdisk/rpalaniv/cedar/kmers-gwas/genomes/varitome/fastq/SRX4183176_SRR7279615_1.fastq.gz	/xdisk/rpalaniv/cedar/kmers-gwas/genomes/varitome/fastq/SRX4183176_SRR7279615_2.fastq.gz	SRR7279615
BGV006934	CW0129	/xdisk/rpalaniv/cedar/kmers-gwas/genomes/varitome/fastq/SRX4183082_SRR7279709_1.fastq.gz	/xdisk/rpalaniv/cedar/kmers-gwas/genomes/varitome/fastq/SRX4183082_SRR7279709_2.fastq.gz	SRR7279709
BGV007871	CW0130	/xdisk/rpalaniv/cedar/kmers-gwas/genomes/varitome/fastq/SRX4183080_SRR7279711_1.fastq.gz	/xdisk/rpalaniv/cedar/kmers-gwas/genomes/varitome/fastq/SRX4183080_SRR7279711_2.fastq.gz	SRR7279711
PI406890	CW0131	/xdisk/rpalaniv/cedar/kmers-gwas/genomes/varitome/fastq/SRX4183271_SRR7279520_1.fastq.gz	/xdisk/rpalaniv/cedar/kmers-gwas/genomes/varitome/fastq/SRX4183271_SRR7279520_2.fastq.gz	SRR7279520
BGV008221	CW0132	/xdisk/rpalaniv/cedar/kmers-gwas/genomes/varitome/fastq/SRX4183190_SRR7279601_1.fastq.gz	/xdisk/rpalaniv/cedar/kmers-gwas/genomes/varitome/fastq/SRX4183190_SRR7279601_2.fastq.gz	SRR7279601
BGV014516	CW0133	/xdisk/rpalaniv/cedar/kmers-gwas/genomes/varitome/fastq/SRX4183073_SRR7279718_1.fastq.gz	/xdisk/rpalaniv/cedar/kmers-gwas/genomes/varitome/fastq/SRX4183073_SRR7279718_2.fastq.gz	SRR7279718
PI129033	CW0135	/xdisk/rpalaniv/cedar/kmers-gwas/genomes/varitome/fastq/SRX4183246_SRR7279545_1.fastq.gz	/xdisk/rpalaniv/cedar/kmers-gwas/genomes/varitome/fastq/SRX4183246_SRR7279545_2.fastq.gz	SRR7279545
BGV007023	CW0137	/xdisk/rpalaniv/cedar/kmers-gwas/genomes/varitome/fastq/SRX4183109_SRR7279682_1.fastq.gz	/xdisk/rpalaniv/cedar/kmers-gwas/genomes/varitome/fastq/SRX4183109_SRR7279682_2.fastq.gz	SRR7279682
BGV005895	CW0139	/xdisk/rpalaniv/cedar/kmers-gwas/genomes/varitome/fastq/SRX4183300_SRR7279491_1.fastq.gz	/xdisk/rpalaniv/cedar/kmers-gwas/genomes/varitome/fastq/SRX4183300_SRR7279491_2.fastq.gz	SRR7279491
BGV007911	CW0140	/xdisk/rpalaniv/cedar/kmers-gwas/genomes/varitome/fastq/SRX4183159_SRR7279632_1.fastq.gz	/xdisk/rpalaniv/cedar/kmers-gwas/genomes/varitome/fastq/SRX4183159_SRR7279632_2.fastq.gz	SRR7279632
BGV008067	CW0141	/xdisk/rpalaniv/cedar/kmers-gwas/genomes/varitome/fastq/SRX4183150_SRR7279641_1.fastq.gz	/xdisk/rpalaniv/cedar/kmers-gwas/genomes/varitome/fastq/SRX4183150_SRR7279641_2.fastq.gz	SRR7279641
BGV007901	CW0143	/xdisk/rpalaniv/cedar/kmers-gwas/genomes/varitome/fastq/SRX4183111_SRR7279680_1.fastq.gz	/xdisk/rpalaniv/cedar/kmers-gwas/genomes/varitome/fastq/SRX4183111_SRR7279680_2.fastq.gz	SRR7279680
BGV012614	CW0144	/xdisk/rpalaniv/cedar/kmers-gwas/genomes/varitome/fastq/SRX4183248_SRR7279543_1.fastq.gz	/xdisk/rpalaniv/cedar/kmers-gwas/genomes/varitome/fastq/SRX4183248_SRR7279543_2.fastq.gz	SRR7279543
BGV007015	CW0145	/xdisk/rpalaniv/cedar/kmers-gwas/genomes/varitome/fastq/SRX4183142_SRR7279649_1.fastq.gz	/xdisk/rpalaniv/cedar/kmers-gwas/genomes/varitome/fastq/SRX4183142_SRR7279649_2.fastq.gz	SRR7279649
BGV006867	CW0146	/xdisk/rpalaniv/cedar/kmers-gwas/genomes/varitome/fastq/SRX4183144_SRR7279647_1.fastq.gz	/xdisk/rpalaniv/cedar/kmers-gwas/genomes/varitome/fastq/SRX4183144_SRR7279647_2.fastq.gz	SRR7279647
BGV007908	CW0148	/xdisk/rpalaniv/cedar/kmers-gwas/genomes/varitome/fastq/SRX4183216_SRR7279575_1.fastq.gz	/xdisk/rpalaniv/cedar/kmers-gwas/genomes/varitome/fastq/SRX4183216_SRR7279575_2.fastq.gz	SRR7279575
BGV007933	CW0149	/xdisk/rpalaniv/cedar/kmers-gwas/genomes/varitome/fastq/SRX4183235_SRR7279556_1.fastq.gz	/xdisk/rpalaniv/cedar/kmers-gwas/genomes/varitome/fastq/SRX4183235_SRR7279556_2.fastq.gz	SRR7279556
BGV004584	CW0151	/xdisk/rpalaniv/cedar/kmers-gwas/genomes/varitome/fastq/SRX4183299_SRR7279492_1.fastq.gz	/xdisk/rpalaniv/cedar/kmers-gwas/genomes/varitome/fastq/SRX4183299_SRR7279492_2.fastq.gz	SRR7279492
BGV012640	CW0153	/xdisk/rpalaniv/cedar/kmers-gwas/genomes/varitome/fastq/SRX4183186_SRR7279605_1.fastq.gz	/xdisk/rpalaniv/cedar/kmers-gwas/genomes/varitome/fastq/SRX4183186_SRR7279605_2.fastq.gz	SRR7279605
BGV007017	CW0154	/xdisk/rpalaniv/cedar/kmers-gwas/genomes/varitome/fastq/SRX4183250_SRR7279541_1.fastq.gz	/xdisk/rpalaniv/cedar/kmers-gwas/genomes/varitome/fastq/SRX4183250_SRR7279541_2.fastq.gz	SRR7279541
BGV008219	CW0155	/xdisk/rpalaniv/cedar/kmers-gwas/genomes/varitome/fastq/SRX4183182_SRR7279609_1.fastq.gz	/xdisk/rpalaniv/cedar/kmers-gwas/genomes/varitome/fastq/SRX4183182_SRR7279609_2.fastq.gz	SRR7279609
BGV008189	CW0156	/xdisk/rpalaniv/cedar/kmers-gwas/genomes/varitome/fastq/SRX4183254_SRR7279537_1.fastq.gz	/xdisk/rpalaniv/cedar/kmers-gwas/genomes/varitome/fastq/SRX4183254_SRR7279537_2.fastq.gz	SRR7279537
BGV006865	CW0157	/xdisk/rpalaniv/cedar/kmers-gwas/genomes/varitome/fastq/SRX4183151_SRR7279640_1.fastq.gz	/xdisk/rpalaniv/cedar/kmers-gwas/genomes/varitome/fastq/SRX4183151_SRR7279640_2.fastq.gz	SRR7279640
BGV008036	CW0159	/xdisk/rpalaniv/cedar/kmers-gwas/genomes/varitome/fastq/SRX4183196_SRR7279595_1.fastq.gz	/xdisk/rpalaniv/cedar/kmers-gwas/genomes/varitome/fastq/SRX4183196_SRR7279595_2.fastq.gz	SRR7279595
BGV013945	CW0160	/xdisk/rpalaniv/cedar/kmers-gwas/genomes/varitome/fastq/SRX4183157_SRR7279634_1.fastq.gz	/xdisk/rpalaniv/cedar/kmers-gwas/genomes/varitome/fastq/SRX4183157_SRR7279634_2.fastq.gz	SRR7279634
BGV006927	CW0161	/xdisk/rpalaniv/cedar/kmers-gwas/genomes/varitome/fastq/SRX4183204_SRR7279587_1.fastq.gz	/xdisk/rpalaniv/cedar/kmers-gwas/genomes/varitome/fastq/SRX4183204_SRR7279587_2.fastq.gz	SRR7279587
BGV007990	CW0162	/xdisk/rpalaniv/cedar/kmers-gwas/genomes/varitome/fastq/SRX4183227_SRR7279564_1.fastq.gz	/xdisk/rpalaniv/cedar/kmers-gwas/genomes/varitome/fastq/SRX4183227_SRR7279564_2.fastq.gz	SRR7279564
BGV006910	CW0163	/xdisk/rpalaniv/cedar/kmers-gwas/genomes/varitome/fastq/SRX4183143_SRR7279648_1.fastq.gz	/xdisk/rpalaniv/cedar/kmers-gwas/genomes/varitome/fastq/SRX4183143_SRR7279648_2.fastq.gz	SRR7279648
BGV006828	CW0164	/xdisk/rpalaniv/cedar/kmers-gwas/genomes/varitome/fastq/SRX4183145_SRR7279646_1.fastq.gz	/xdisk/rpalaniv/cedar/kmers-gwas/genomes/varitome/fastq/SRX4183145_SRR7279646_2.fastq.gz	SRR7279646
LA0767	CW0165	/xdisk/rpalaniv/cedar/kmers-gwas/genomes/varitome/fastq/SRX4183289_SRR7279502_1.fastq.gz	/xdisk/rpalaniv/cedar/kmers-gwas/genomes/varitome/fastq/SRX4183289_SRR7279502_2.fastq.gz	SRR7279502
BGV013134	CW0166	/xdisk/rpalaniv/cedar/kmers-gwas/genomes/varitome/fastq/SRX4183221_SRR7279570_1.fastq.gz	/xdisk/rpalaniv/cedar/kmers-gwas/genomes/varitome/fastq/SRX4183221_SRR7279570_2.fastq.gz	SRR7279570
BGV014514	CW0167	/xdisk/rpalaniv/cedar/kmers-gwas/genomes/varitome/fastq/SRX4183218_SRR7279573_1.fastq.gz	/xdisk/rpalaniv/cedar/kmers-gwas/genomes/varitome/fastq/SRX4183218_SRR7279573_2.fastq.gz	SRR7279573
BGV015727	CW0168	/xdisk/rpalaniv/cedar/kmers-gwas/genomes/varitome/fastq/SRX4183296_SRR7279495_1.fastq.gz	/xdisk/rpalaniv/cedar/kmers-gwas/genomes/varitome/fastq/SRX4183296_SRR7279495_2.fastq.gz	SRR7279495
BGV008106	CW0169	/xdisk/rpalaniv/cedar/kmers-gwas/genomes/varitome/fastq/SRX4183257_SRR7279534_1.fastq.gz	/xdisk/rpalaniv/cedar/kmers-gwas/genomes/varitome/fastq/SRX4183257_SRR7279534_2.fastq.gz	SRR7279534
BGV008354	CW0174	/xdisk/rpalaniv/cedar/kmers-gwas/genomes/varitome/fastq/SRX4183215_SRR7279576_1.fastq.gz	/xdisk/rpalaniv/cedar/kmers-gwas/genomes/varitome/fastq/SRX4183215_SRR7279576_2.fastq.gz	SRR7279576
BGV007927	CW0176	/xdisk/rpalaniv/cedar/kmers-gwas/genomes/varitome/fastq/SRX4183183_SRR7279608_1.fastq.gz	/xdisk/rpalaniv/cedar/kmers-gwas/genomes/varitome/fastq/SRX4183183_SRR7279608_2.fastq.gz	SRR7279608
BGV006235	CW0177	/xdisk/rpalaniv/cedar/kmers-gwas/genomes/varitome/fastq/SRX4183123_SRR7279668_1.fastq.gz	/xdisk/rpalaniv/cedar/kmers-gwas/genomes/varitome/fastq/SRX4183123_SRR7279668_2.fastq.gz	SRR7279668
BGV008108	CW0178	/xdisk/rpalaniv/cedar/kmers-gwas/genomes/varitome/fastq/SRX4183141_SRR7279650_1.fastq.gz	/xdisk/rpalaniv/cedar/kmers-gwas/genomes/varitome/fastq/SRX4183141_SRR7279650_2.fastq.gz	SRR7279650
BGV014518	CW0179	/xdisk/rpalaniv/cedar/kmers-gwas/genomes/varitome/fastq/SRX4183266_SRR7279525_1.fastq.gz	/xdisk/rpalaniv/cedar/kmers-gwas/genomes/varitome/fastq/SRX4183266_SRR7279525_2.fastq.gz	SRR7279525
BGV008345	CW0180	/xdisk/rpalaniv/cedar/kmers-gwas/genomes/varitome/fastq/SRX4183220_SRR7279571_1.fastq.gz	/xdisk/rpalaniv/cedar/kmers-gwas/genomes/varitome/fastq/SRX4183220_SRR7279571_2.fastq.gz	SRR7279571
BGV008058	CW0181	/xdisk/rpalaniv/cedar/kmers-gwas/genomes/varitome/fastq/SRX4183277_SRR7279514_1.fastq.gz	/xdisk/rpalaniv/cedar/kmers-gwas/genomes/varitome/fastq/SRX4183277_SRR7279514_2.fastq.gz	SRR7279514
BGV007111	CW1000	/xdisk/rpalaniv/cedar/kmers-gwas/genomes/varitome/fastq/SRX4183114_SRR7279677_1.fastq.gz	/xdisk/rpalaniv/cedar/kmers-gwas/genomes/varitome/fastq/SRX4183114_SRR7279677_2.fastq.gz	SRR7279677
BGV015380	CW1002	/xdisk/rpalaniv/cedar/kmers-gwas/genomes/varitome/fastq/SRX4183095_SRR7279696_1.fastq.gz	/xdisk/rpalaniv/cedar/kmers-gwas/genomes/varitome/fastq/SRX4183095_SRR7279696_2.fastq.gz	SRR7279696
BGV006353	CW1003	/xdisk/rpalaniv/cedar/kmers-gwas/genomes/varitome/fastq/SRX4183125_SRR7279666_1.fastq.gz	/xdisk/rpalaniv/cedar/kmers-gwas/genomes/varitome/fastq/SRX4183125_SRR7279666_2.fastq.gz	SRR7279666
BGV007151	CW1005	/xdisk/rpalaniv/cedar/kmers-gwas/genomes/varitome/fastq/SRX4183098_SRR7279693_1.fastq.gz	/xdisk/rpalaniv/cedar/kmers-gwas/genomes/varitome/fastq/SRX4183098_SRR7279693_2.fastq.gz	SRR7279693
BGV007169	CW1007	/xdisk/rpalaniv/cedar/kmers-gwas/genomes/varitome/fastq/SRX4183119_SRR7279672_1.fastq.gz	/xdisk/rpalaniv/cedar/kmers-gwas/genomes/varitome/fastq/SRX4183119_SRR7279672_2.fastq.gz	SRR7279672
BGV007366	CW1009	/xdisk/rpalaniv/cedar/kmers-gwas/genomes/varitome/fastq/SRX4183091_SRR7279700_1.fastq.gz	/xdisk/rpalaniv/cedar/kmers-gwas/genomes/varitome/fastq/SRX4183091_SRR7279700_2.fastq.gz	SRR7279700
BGV006363	CW1011	/xdisk/rpalaniv/cedar/kmers-gwas/genomes/varitome/fastq/SRX4183211_SRR7279580_1.fastq.gz	/xdisk/rpalaniv/cedar/kmers-gwas/genomes/varitome/fastq/SRX4183211_SRR7279580_2.fastq.gz	SRR7279580
BGV007181	CW1012	/xdisk/rpalaniv/cedar/kmers-gwas/genomes/varitome/fastq/SRX4183105_SRR7279686_1.fastq.gz	/xdisk/rpalaniv/cedar/kmers-gwas/genomes/varitome/fastq/SRX4183105_SRR7279686_2.fastq.gz	SRR7279686
BGV007194	CW1013	/xdisk/rpalaniv/cedar/kmers-gwas/genomes/varitome/fastq/SRX4183097_SRR7279694_1.fastq.gz	/xdisk/rpalaniv/cedar/kmers-gwas/genomes/varitome/fastq/SRX4183097_SRR7279694_2.fastq.gz	SRR7279694
BGV006775	CW1018	/xdisk/rpalaniv/cedar/kmers-gwas/genomes/varitome/fastq/SRX4183191_SRR7279600_1.fastq.gz	/xdisk/rpalaniv/cedar/kmers-gwas/genomes/varitome/fastq/SRX4183191_SRR7279600_2.fastq.gz	SRR7279600
BGV007149	CW1021	/xdisk/rpalaniv/cedar/kmers-gwas/genomes/varitome/fastq/SRX4183071_SRR7279720_1.fastq.gz	/xdisk/rpalaniv/cedar/kmers-gwas/genomes/varitome/fastq/SRX4183071_SRR7279720_2.fastq.gz	SRR7279720
BGV006457	CW1022	/xdisk/rpalaniv/cedar/kmers-gwas/genomes/varitome/fastq/SRX4183285_SRR7279506_1.fastq.gz	/xdisk/rpalaniv/cedar/kmers-gwas/genomes/varitome/fastq/SRX4183285_SRR7279506_2.fastq.gz	SRR7279506
BGV006454	CW1023	/xdisk/rpalaniv/cedar/kmers-gwas/genomes/varitome/fastq/SRX4183126_SRR7279665_1.fastq.gz	/xdisk/rpalaniv/cedar/kmers-gwas/genomes/varitome/fastq/SRX4183126_SRR7279665_2.fastq.gz	SRR7279665
BGV006148	CW1024	/xdisk/rpalaniv/cedar/kmers-gwas/genomes/varitome/fastq/SRX4183308_SRR7279483_1.fastq.gz	/xdisk/rpalaniv/cedar/kmers-gwas/genomes/varitome/fastq/SRX4183308_SRR7279483_2.fastq.gz	SRR7279483
BGV015382	CW1025	/xdisk/rpalaniv/cedar/kmers-gwas/genomes/varitome/fastq/SRX4183093_SRR7279698_1.fastq.gz	/xdisk/rpalaniv/cedar/kmers-gwas/genomes/varitome/fastq/SRX4183093_SRR7279698_2.fastq.gz	SRR7279698
BGV007339	CW1026	/xdisk/rpalaniv/cedar/kmers-gwas/genomes/varitome/fastq/SRX4183070_SRR7279721_1.fastq.gz	/xdisk/rpalaniv/cedar/kmers-gwas/genomes/varitome/fastq/SRX4183070_SRR7279721_2.fastq.gz	SRR7279721
BGV007152	CW1027	/xdisk/rpalaniv/cedar/kmers-gwas/genomes/varitome/fastq/SRX4183099_SRR7279692_1.fastq.gz	/xdisk/rpalaniv/cedar/kmers-gwas/genomes/varitome/fastq/SRX4183099_SRR7279692_2.fastq.gz	SRR7279692
BGV006336	CW1028	/xdisk/rpalaniv/cedar/kmers-gwas/genomes/varitome/fastq/SRX4183124_SRR7279667_1.fastq.gz	/xdisk/rpalaniv/cedar/kmers-gwas/genomes/varitome/fastq/SRX4183124_SRR7279667_2.fastq.gz	SRR7279667
BGV007161	CW1029	/xdisk/rpalaniv/cedar/kmers-gwas/genomes/varitome/fastq/SRX4183104_SRR7279687_1.fastq.gz	/xdisk/rpalaniv/cedar/kmers-gwas/genomes/varitome/fastq/SRX4183104_SRR7279687_2.fastq.gz	SRR7279687
BGV006478	CW1030	/xdisk/rpalaniv/cedar/kmers-gwas/genomes/varitome/fastq/SRX4183286_SRR7279505_1.fastq.gz	/xdisk/rpalaniv/cedar/kmers-gwas/genomes/varitome/fastq/SRX4183286_SRR7279505_2.fastq.gz	SRR7279505
BGV007198	CW1031	/xdisk/rpalaniv/cedar/kmers-gwas/genomes/varitome/fastq/SRX4183153_SRR7279638_1.fastq.gz	/xdisk/rpalaniv/cedar/kmers-gwas/genomes/varitome/fastq/SRX4183153_SRR7279638_2.fastq.gz	SRR7279638
BGV006327	CW1032	/xdisk/rpalaniv/cedar/kmers-gwas/genomes/varitome/fastq/SRX4183168_SRR7279623_1.fastq.gz	/xdisk/rpalaniv/cedar/kmers-gwas/genomes/varitome/fastq/SRX4183168_SRR7279623_2.fastq.gz	SRR7279623
BGV006347	CW1035	/xdisk/rpalaniv/cedar/kmers-gwas/genomes/varitome/fastq/SRX4183275_SRR7279516_1.fastq.gz	/xdisk/rpalaniv/cedar/kmers-gwas/genomes/varitome/fastq/SRX4183275_SRR7279516_2.fastq.gz	SRR7279516
BGV006370	CW1037	/xdisk/rpalaniv/cedar/kmers-gwas/genomes/varitome/fastq/SRX4183208_SRR7279583_1.fastq.gz	/xdisk/rpalaniv/cedar/kmers-gwas/genomes/varitome/fastq/SRX4183208_SRR7279583_2.fastq.gz	SRR7279583
BGV007109	CW1039	/xdisk/rpalaniv/cedar/kmers-gwas/genomes/varitome/fastq/SRX4183108_SRR7279683_1.fastq.gz	/xdisk/rpalaniv/cedar/kmers-gwas/genomes/varitome/fastq/SRX4183108_SRR7279683_2.fastq.gz	SRR7279683
